panel_id,source_panel_id,panel_type,zone,selection_reason,node_ids,edge_ids,computed_edge_lengths_mm,area_mm2,perimeter_mm,planarity_error_mm,max_constraint_risk,cut_recommendation,sheet_id,sheet_x_mm,sheet_y_mm,template_width_mm,template_height_mm,rotated_on_sheet
QUAD004-A,QUAD004,triangle,center_face,approved_obj_coherent_surface,P003 P040 P034,E040 E041 E042,31.76 11.81 32.75,186.64,76.32,0.0,3,single_piece_ok,S01,18.0,18.0,47.76,27.75,no
QUAD002-A,QUAD002,triangle,center_face,approved_obj_coherent_surface,P002 P011 P003,E028 E032 E033,11.81 31.59 32.64,185.76,76.05,0.0,3,single_piece_ok,S01,73.758,18.0,27.81,47.45,no
QUAD004-B,QUAD004,triangle,center_face,approved_obj_coherent_surface,P003 P034 P059,E042 E043 E034,32.75 13.48 29.79,200.73,76.01,0.0,3,single_piece_ok,S01,109.572,18.0,48.75,28.26,no
QUAD002-B,QUAD002,triangle,center_face,approved_obj_coherent_surface,P002 P003 P059,E033 E034 E035,32.64 29.79 13.48,200.73,75.91,0.0,3,single_piece_ok,S01,166.32,18.0,48.64,28.3,no
QUAD022-A,QUAD022,triangle,center_face,approved_obj_coherent_surface,P033 P034 P040,E005 E041 E077,43.48 11.81 45.85,256.23,101.15,0.0,3,single_piece_ok,S01,18.0,73.446,60.31,27.79,no
QUAD001-A,QUAD001,triangle,center_face,approved_obj_coherent_surface,P001 P002 P011,E002 E028 E029,43.48 11.81 45.85,256.23,101.15,0.0,0,single_piece_ok,S01,86.311,73.446,60.31,27.79,no
MANQ001-B,MANQ001,triangle,center_face,approved_obj_coherent_surface,P033 P002 P034,E003 E004 E005,50.95 26.95 43.48,585.99,121.38,0.0,1,single_piece_ok,S01,154.622,73.446,66.95,39.0,no
MANQ001-A,MANQ001,triangle,center_face,approved_obj_coherent_surface,P033 P001 P002,E001 E002 E003,26.16 43.48 50.95,568.64,120.59,0.0,1,single_piece_ok,S01,229.57,73.446,42.55,59.48,no
TRI004,TRI004,triangle,center_face,approved_obj_coherent_surface,P001 P022 P033,E117 E119 E001,23.84 23.84 26.16,260.70,73.84,0.0,2,single_piece_ok,S01,18.0,140.927,39.84,37.87,no
TRI032,TRI032,triangle,center_face,approved_obj_coherent_surface,P022 P033 P039,E119 E152 E151,23.84 53.56 42.15,485.20,119.56,0.0,4,single_piece_ok,S01,65.841,140.927,50.82,56.7,no
TRI002,TRI002,triangle,center_face,approved_obj_coherent_surface,P001 P009 P022,E113 E116 E117,53.56 42.15 23.84,485.15,119.56,0.0,2,single_piece_ok,S01,124.657,140.927,69.56,34.12,no
TRI031,TRI031,triangle,center_face,approved_obj_coherent_surface,P022 P023 P039,E136 E137 E151,36.37 27.92 42.15,501.12,106.44,0.0,4,single_piece_ok,S01,202.218,140.927,52.37,43.56,no
TRI017,TRI017,triangle,center_face,approved_obj_coherent_surface,P009 P022 P023,E116 E136 E131,42.15 36.37 27.92,501.12,106.44,0.0,2,single_piece_ok,S02,18.0,18.0,58.15,39.78,no
TRI018,TRI018,triangle,center_face,approved_obj_coherent_surface,P010 P023 P039,E130 E137 E138,49.00 27.92 61.20,669.18,138.11,0.0,4,single_piece_ok,S02,84.154,18.0,70.76,43.31,no
TRI013,TRI013,triangle,center_face,approved_obj_coherent_surface,P009 P010 P023,E129 E130 E131,61.29 49.00 27.92,668.60,138.20,0.0,2,single_piece_ok,S02,162.917,18.0,77.29,37.82,no
QUAD013-B,QUAD013,triangle,right_cheek,approved_obj_coherent_surface,P012 P030 P014,E058 E059 E060,45.46 38.11 24.83,473.11,108.40,0.0,2,single_piece_ok,S02,18.0,69.315,61.46,36.81,no
QUAD003-A,QUAD003,triangle,right_cheek,approved_obj_coherent_surface,P003 P011 P012,E032 E036 E037,31.59 24.61 48.18,345.01,104.39,0.0,0,single_piece_ok,S02,87.46,69.315,58.95,37.84,no
TRI029,TRI029,triangle,right_cheek,approved_obj_coherent_surface,P021 P031 P032,E148 E149 E066,49.23 25.15 51.99,612.71,126.37,0.0,2,single_piece_ok,S02,154.406,69.315,65.23,40.89,no
QUAD017-B,QUAD017,triangle,right_cheek,approved_obj_coherent_surface,P020 P032 P030,E067 E068 E064,53.45 51.38 67.24,1351.39,172.08,0.0,2,single_piece_ok,S02,18.0,118.206,69.45,66.56,no
QUAD014-B,QUAD014,triangle,right_cheek,approved_obj_coherent_surface,P014 P020 P030,E063 E064 E059,50.49 67.24 38.11,953.42,155.85,0.0,2,single_piece_ok,S02,95.453,118.206,71.64,53.76,no
TRI020,TRI020,triangle,right_cheek,approved_obj_coherent_surface,P011 P012 P015,E036 E140 E030,24.61 44.96 39.45,484.24,109.03,0.0,0,single_piece_ok,S02,175.093,118.206,40.61,55.35,no
TRI021,TRI021,triangle,right_cheek,approved_obj_coherent_surface,P012 P014 P015,E060 E141 E140,24.83 42.94 44.96,521.63,112.73,0.0,0,single_piece_ok,S02,223.706,118.206,40.83,58.02,no
QUAD017-A,QUAD017,triangle,right_cheek,approved_obj_coherent_surface,P020 P021 P032,E065 E066 E067,62.21 51.99 53.45,1323.71,167.65,0.0,2,single_piece_ok,S03,18.0,18.0,78.21,58.56,no
QUAD014-A,QUAD014,triangle,right_cheek,approved_obj_coherent_surface,P014 P017 P020,E061 E062 E063,29.34 27.21 50.49,321.13,107.04,0.0,2,single_piece_ok,S03,104.207,18.0,61.5,37.89,no
TRI022,TRI022,triangle,right_cheek,approved_obj_coherent_surface,P014 P015 P017,E141 E142 E061,42.94 49.58 29.34,626.84,121.86,0.0,0,single_piece_ok,S03,173.709,18.0,58.94,45.2,no
QUAD001-B,QUAD001,triangle,right_cheek,approved_obj_coherent_surface,P001 P011 P015,E029 E030 E031,45.85 39.45 14.74,278.97,100.05,0.0,0,single_piece_ok,S03,18.0,84.558,61.85,28.17,no
TRI025,TRI025,triangle,right_cheek,approved_obj_coherent_surface,P016 P017 P020,E143 E062 E144,41.05 27.21 43.89,544.47,112.16,0.0,0,single_piece_ok,S03,87.851,84.558,57.05,42.53,no
TRI028,TRI028,triangle,right_cheek,approved_obj_coherent_surface,P020 P021 P026,E065 E069 E145,62.21 57.48 58.81,1527.72,178.50,0.0,2,single_piece_ok,S03,152.904,84.558,78.21,65.12,no
TRI003,TRI003,triangle,right_cheek,approved_obj_coherent_surface,P001 P015 P019,E031 E118 E115,14.74 28.60 26.38,192.98,69.72,0.0,0,single_piece_ok,S03,239.112,84.558,30.74,42.18,no
TRI026,TRI026,triangle,right_cheek,approved_obj_coherent_surface,P016 P020 P026,E144 E145 E146,43.89 58.81 51.35,1092.65,154.06,0.0,2,single_piece_ok,S04,18.0,18.0,59.89,65.79,no
QUAD018-A,QUAD018,triangle,right_cheek,approved_obj_coherent_surface,P021 P026 P067,E069 E070 E071,57.48 66.52 80.58,1886.62,204.58,0.0,4,single_piece_ok,S04,85.892,18.0,73.48,81.64,no
TRI001,TRI001,triangle,right_cheek,approved_obj_coherent_surface,P001 P009 P019,E113 E114 E115,53.56 32.06 26.38,311.14,112.00,0.0,0,single_piece_ok,S04,167.374,18.0,69.56,27.62,no
TRI015,TRI015,triangle,right_cheek,approved_obj_coherent_surface,P009 P016 P019,E133 E134 E114,47.80 43.37 32.06,677.46,123.23,0.0,0,single_piece_ok,S04,18.0,107.643,63.8,44.35,no
TRI027,TRI027,triangle,right_cheek,approved_obj_coherent_surface,P016 P026 P027,E146 E147 E135,51.35 60.61 66.70,1485.07,178.66,0.0,2,single_piece_ok,S04,89.8,107.643,67.35,73.84,no
TRI016,TRI016,triangle,right_cheek,approved_obj_coherent_surface,P009 P016 P027,E133 E135 E132,47.80 66.70 53.36,1263.73,167.85,0.0,0,single_piece_ok,S04,165.154,107.643,63.8,68.88,no
QUAD021-A,QUAD021,triangle,right_cheek,approved_obj_coherent_surface,P026 P067 P028,E070 E074 E075,66.52 64.12 65.90,1857.10,196.54,0.0,4,single_piece_ok,S05,18.0,18.0,82.52,71.84,no
QUAD021-B,QUAD021,triangle,right_cheek,approved_obj_coherent_surface,P026 P028 P069,E075 E076 E056,65.90 44.88 45.54,1019.96,156.32,0.0,4,single_piece_ok,S05,108.516,18.0,81.9,46.95,no
QUAD027-B,QUAD027,triangle,left_cheek,approved_obj_coherent_surface,P041 P056 P043,E090 E091 E092,45.46 38.11 24.83,473.11,108.40,0.0,4,single_piece_ok,S05,198.419,18.0,61.46,36.81,no
QUAD005-A,QUAD005,triangle,left_cheek,approved_obj_coherent_surface,P003 P040 P041,E040 E044 E045,31.76 24.61 48.40,345.82,104.77,0.0,3,single_piece_ok,S05,18.0,97.839,59.23,37.78,no
TRI057,TRI057,triangle,left_cheek,approved_obj_coherent_surface,P050 P057 P058,E180 E181 E098,49.23 25.15 51.99,612.71,126.37,0.0,4,single_piece_ok,S05,85.226,97.839,65.23,40.89,no
QUAD031-B,QUAD031,triangle,left_cheek,approved_obj_coherent_surface,P049 P058 P056,E099 E100 E096,53.45 51.38 67.24,1351.39,172.08,0.0,4,single_piece_ok,S05,158.458,97.839,69.45,66.56,no
TRI058,TRI058,triangle,left_cheek,approved_obj_coherent_surface,P050 P057 P060,E180 E020 E182,49.23 50.71 74.51,1240.48,174.45,0.0,4,single_piece_ok,S06,18.0,18.0,70.88,66.39,no
QUAD028-B,QUAD028,triangle,left_cheek,approved_obj_coherent_surface,P043 P049 P056,E095 E096 E091,50.49 67.24 38.11,953.42,155.85,0.0,4,single_piece_ok,S06,96.878,18.0,71.64,53.76,no
TRI048,TRI048,triangle,left_cheek,approved_obj_coherent_surface,P040 P041 P044,E044 E172 E078,24.61 44.96 39.45,484.24,109.03,0.0,3,single_piece_ok,S06,176.518,18.0,40.61,55.35,no
TRI049,TRI049,triangle,left_cheek,approved_obj_coherent_surface,P041 P043 P044,E092 E173 E172,24.83 42.94 44.96,521.63,112.73,0.0,3,single_piece_ok,S06,225.131,18.0,40.83,58.02,no
QUAD031-A,QUAD031,triangle,left_cheek,approved_obj_coherent_surface,P049 P050 P058,E097 E098 E099,62.21 51.99 53.45,1323.71,167.65,0.0,4,single_piece_ok,S06,18.0,92.393,78.21,58.56,no
QUAD028-A,QUAD028,triangle,left_cheek,approved_obj_coherent_surface,P043 P046 P049,E093 E094 E095,29.34 27.21 50.49,321.13,107.04,0.0,4,single_piece_ok,S06,104.207,92.393,61.5,37.89,no
TRI050,TRI050,triangle,left_cheek,approved_obj_coherent_surface,P043 P044 P046,E173 E174 E093,42.94 49.58 29.34,626.84,121.86,0.0,4,single_piece_ok,S06,173.709,92.393,58.94,45.2,no
QUAD022-B,QUAD022,triangle,left_cheek,approved_obj_coherent_surface,P033 P040 P044,E077 E078 E079,45.85 39.45 14.74,278.97,100.05,0.0,3,single_piece_ok,S06,18.0,158.951,61.85,28.17,no
TRI053,TRI053,triangle,left_cheek,approved_obj_coherent_surface,P045 P046 P049,E175 E094 E176,41.05 27.21 43.89,544.47,112.16,0.0,4,single_piece_ok,S06,87.851,158.951,57.05,42.53,no
TRI056,TRI056,triangle,left_cheek,approved_obj_coherent_surface,P049 P050 P052,E097 E101 E177,62.21 57.48 58.81,1527.72,178.50,0.0,4,single_piece_ok,S07,18.0,18.0,78.21,65.12,no
TRI042,TRI042,triangle,left_cheek,approved_obj_coherent_surface,P033 P044 P048,E079 E164 E163,14.74 28.60 26.38,192.98,69.72,0.0,4,single_piece_ok,S07,104.207,18.0,30.74,42.18,no
TRI054,TRI054,triangle,left_cheek,approved_obj_coherent_surface,P045 P049 P052,E176 E177 E178,43.89 58.81 51.35,1092.65,154.06,0.0,4,single_piece_ok,S07,142.95,18.0,59.89,65.79,no
QUAD032-A,QUAD032,triangle,left_cheek,approved_obj_coherent_surface,P050 P052 P064,E101 E102 E103,57.48 66.52 80.58,1886.62,204.58,0.0,4,single_piece_ok,S07,18.0,91.788,73.48,81.64,no
TRI041,TRI041,triangle,left_cheek,approved_obj_coherent_surface,P033 P039 P048,E152 E162 E163,53.56 32.06 26.38,311.14,112.00,0.0,4,single_piece_ok,S07,99.481,91.788,69.56,27.62,no
TRI046,TRI046,triangle,left_cheek,approved_obj_coherent_surface,P039 P045 P048,E169 E170 E162,47.80 43.37 32.06,677.46,123.23,0.0,4,single_piece_ok,S07,177.042,91.788,63.8,44.35,no
TRI055,TRI055,triangle,left_cheek,approved_obj_coherent_surface,P045 P052 P053,E178 E179 E171,51.35 60.61 66.70,1485.07,178.66,0.0,4,single_piece_ok,S08,18.0,18.0,67.35,73.84,no
TRI047,TRI047,triangle,left_cheek,approved_obj_coherent_surface,P039 P045 P053,E169 E171 E139,47.80 66.70 53.36,1263.73,167.85,0.0,4,single_piece_ok,S08,93.354,18.0,63.8,68.88,no
QUAD035-A,QUAD035,triangle,left_cheek,approved_obj_coherent_surface,P052 P064 P054,E102 E106 E107,66.52 64.12 65.90,1857.10,196.54,0.0,4,single_piece_ok,S08,165.154,18.0,82.52,71.84,no
QUAD035-B,QUAD035,triangle,left_cheek,approved_obj_coherent_surface,P052 P054 P066,E107 E108 E088,65.90 44.88 45.54,1019.96,156.32,0.0,4,single_piece_ok,S08,18.0,99.836,81.9,46.95,no
TRI019,TRI019,triangle,forehead,approved_obj_coherent_surface,P010 P039 P053,E138 E139 E007,61.20 53.36 42.32,1106.68,156.87,0.0,4,single_piece_ok,S08,107.902,99.836,77.2,52.17,no
TRI014,TRI014,triangle,forehead,approved_obj_coherent_surface,P009 P010 P027,E129 E011 E132,61.29 42.51 53.36,1111.75,157.16,0.0,2,single_piece_ok,S08,193.1,99.836,77.29,52.28,no
TRI034,TRI034,triangle,forehead,approved_obj_coherent_surface,P024 P054 P064,E010 E106 E154,39.48 64.12 76.25,1265.31,179.86,0.0,4,single_piece_ok,S09,18.0,18.0,57.31,80.09,no
TRI033,TRI033,triangle,forehead,approved_obj_coherent_surface,P024 P028 P067,E014 E074 E153,39.22 64.12 76.07,1256.75,179.40,0.0,4,single_piece_ok,S09,83.312,18.0,56.96,80.09,no
MANQ002-B,MANQ002,triangle,forehead,approved_obj_coherent_surface,P024 P053 P054,E008 E009 E010,51.21 17.76 39.48,296.53,108.45,0.0,4,single_piece_ok,S09,148.276,18.0,67.21,27.58,no
MANQ003-B,MANQ003,triangle,forehead,approved_obj_coherent_surface,P024 P027 P028,E012 E013 E014,50.98 17.76 39.22,294.09,107.95,0.0,2,single_piece_ok,S09,18.0,106.095,66.98,27.54,no
MANQ002-A,MANQ002,triangle,forehead,approved_obj_coherent_surface,P024 P010 P053,E006 E007 E008,30.10 42.32 51.21,636.64,123.63,0.0,4,single_piece_ok,S09,92.979,106.095,46.1,58.3,no
MANQ003-A,MANQ003,triangle,forehead,approved_obj_coherent_surface,P024 P010 P027,E006 E011 E012,30.10 42.51 50.98,639.24,123.60,0.0,2,single_piece_ok,S09,147.081,106.095,46.1,58.47,no
TRI008,TRI008,triangle,bottom,approved_obj_coherent_surface,P004 P005 P035,E123 E026 E124,30.14 41.96 28.86,434.98,100.96,0.0,4,single_piece_ok,S09,201.184,106.095,46.45,44.86,no
TRI009,TRI009,triangle,bottom,approved_obj_coherent_surface,P004 P035 P042,E124 E080 E122,28.86 21.62 26.34,272.62,76.82,0.0,4,single_piece_ok,S09,18.0,172.566,44.86,34.89,no
TRI007,TRI007,triangle,bottom,approved_obj_coherent_surface,P004 P005 P013,E123 E048 E121,30.14 21.62 28.12,291.16,79.89,0.0,2,single_piece_ok,S09,70.862,172.566,46.14,35.32,no
MANQ008-B,MANQ008,triangle,bottom,approved_obj_coherent_surface,P057 P005 P035,E025 E026 E027,131.28 41.96 110.72,2179.06,283.95,0.0,4,single_piece_ok,S10,18.0,18.0,147.28,49.2,no
QUAD023-A,QUAD023,triangle,bottom,approved_obj_coherent_surface,P035 P042 P056,E080 E081 E082,21.62 49.08 45.01,486.09,115.71,0.0,4,single_piece_ok,S10,173.277,18.0,37.62,60.97,no
QUAD006-A,QUAD006,triangle,bottom,approved_obj_coherent_surface,P005 P013 P030,E048 E049 E050,21.62 49.08 45.01,486.09,115.71,0.0,2,single_piece_ok,S10,218.896,18.0,37.62,60.97,no
QUAD023-B,QUAD023,triangle,bottom,approved_obj_coherent_surface,P035 P056 P055,E082 E083 E084,45.01 24.78 56.46,540.63,126.26,0.0,4,single_piece_ok,S10,18.0,86.969,67.1,40.02,no
QUAD006-B,QUAD006,triangle,bottom,approved_obj_coherent_surface,P005 P030 P029,E050 E051 E052,45.01 24.78 56.46,540.63,126.26,0.0,2,single_piece_ok,S10,93.099,86.969,67.1,40.02,no
TRI006,TRI006,triangle,bottom,approved_obj_coherent_surface,P003 P004 P042,E120 E122 E047,20.87 26.34 34.51,274.46,81.72,0.0,2,single_piece_ok,S10,168.199,86.969,38.35,42.3,no
TRI005,TRI005,triangle,bottom,approved_obj_coherent_surface,P003 P004 P013,E120 E121 E039,20.87 28.12 34.31,293.28,83.31,0.0,2,single_piece_ok,S10,214.549,86.969,36.87,44.1,no
MANQ008-A,MANQ008,triangle,bottom,approved_obj_coherent_surface,P057 P031 P005,E022 E024 E025,118.59 110.72 131.28,6159.38,360.59,0.0,4,single_piece_ok,S11,18.0,18.0,134.59,119.87,no
TRI060,TRI060,triangle,bottom,approved_obj_coherent_surface,P055 P056 P058,E083 E100 E184,24.78 51.38 40.32,489.47,116.48,0.0,4,single_piece_ok,S11,160.594,18.0,48.86,55.5,no
TRI038,TRI038,triangle,bottom,approved_obj_coherent_surface,P029 P030 P032,E051 E068 E159,24.78 51.38 40.32,489.47,116.48,0.0,2,single_piece_ok,S11,217.449,18.0,48.86,55.5,no
TRI061,TRI061,triangle,bottom,approved_obj_coherent_surface,P055 P057 P058,E185 E181 E184,54.27 25.15 40.32,476.96,119.74,0.0,4,single_piece_ok,S11,18.0,145.873,70.27,33.58,no
TRI039,TRI039,triangle,bottom,approved_obj_coherent_surface,P029 P031 P032,E160 E149 E159,54.27 25.15 40.32,476.96,119.74,0.0,2,single_piece_ok,S11,96.273,145.873,70.27,33.58,no
QUAD027-A,QUAD027,triangle,bottom,approved_obj_coherent_surface,P041 P042 P056,E046 E081 E090,38.34 49.08 45.46,824.58,132.88,0.0,4,single_piece_ok,S11,174.545,145.873,54.34,59.01,no
QUAD013-A,QUAD013,triangle,bottom,approved_obj_coherent_surface,P012 P013 P030,E038 E049 E058,38.34 49.08 45.46,824.58,132.88,0.0,2,single_piece_ok,S12,18.0,18.0,54.34,59.01,no
QUAD005-B,QUAD005,triangle,bottom,approved_obj_coherent_surface,P003 P041 P042,E045 E046 E047,48.40 38.34 34.51,656.76,121.25,0.0,3,single_piece_ok,S12,80.339,18.0,64.4,43.14,no
QUAD003-B,QUAD003,triangle,bottom,approved_obj_coherent_surface,P003 P012 P013,E037 E038 E039,48.18 38.34 34.31,652.70,120.83,0.0,0,single_piece_ok,S12,152.742,18.0,64.18,43.09,no
MANQ007-B,MANQ007,triangle,bottom,approved_obj_coherent_surface,P072 P057 P031,E021 E022 E023,85.53 118.59 50.71,1900.34,254.83,0.0,4,single_piece_ok,S12,18.0,85.015,125.95,60.44,no
MANQ007-A,MANQ007,triangle,bottom,approved_obj_coherent_surface,P072 P060 P057,E018 E020 E021,40.00 50.71 85.53,640.96,176.24,0.0,4,single_piece_ok,S12,151.954,85.015,95.3,48.05,no
TRI040,TRI040,triangle,back,approved_obj_coherent_surface,P031 P071 P072,E150 E161 E023,72.42 63.22 50.71,1568.31,186.34,0.0,4,single_piece_ok,S12,18.0,153.452,88.42,59.31,no
MANQ006-B,MANQ006,triangle,back,approved_obj_coherent_surface,P070 P060 P072,E017 E018 E019,78.69 40.00 54.70,1018.27,173.39,0.0,4,single_piece_ok,S12,114.415,153.452,94.69,41.88,no
TRI030,TRI030,triangle,back,approved_obj_coherent_surface,P021 P031 P071,E148 E150 E073,49.23 72.42 45.51,1104.54,167.16,0.0,4,single_piece_ok,S13,18.0,18.0,72.84,60.87,no
TRI059,TRI059,triangle,back,approved_obj_coherent_surface,P050 P060 P062,E182 E183 E105,74.51 63.22 45.51,1432.76,183.23,0.0,4,single_piece_ok,S13,98.839,18.0,90.51,54.46,no
MANQ006-A,MANQ006,triangle,back,approved_obj_coherent_surface,P070 P063 P060,E015 E016 E017,80.00 54.70 78.69,2036.55,213.39,0.0,4,single_piece_ok,S13,18.0,86.871,96.0,66.91,no
TRI062,TRI062,triangle,back,approved_obj_coherent_surface,P060 P062 P063,E183 E186 E016,63.22 23.29 54.70,626.52,141.21,0.0,4,single_piece_ok,S13,122.0,86.871,79.22,35.82,no
TRI065,TRI065,triangle,back,approved_obj_coherent_surface,P070 P071 P072,E112 E161 E019,23.29 63.22 54.70,626.52,141.21,0.0,4,single_piece_ok,S13,209.219,86.871,49.21,69.79,no
QUAD032-B,QUAD032,triangle,back,approved_obj_coherent_surface,P050 P064 P062,E103 E104 E105,80.58 49.58 45.51,1015.81,175.67,0.0,4,single_piece_ok,S13,18.0,164.666,96.58,41.21,no
QUAD018-B,QUAD018,triangle,back,approved_obj_coherent_surface,P021 P067 P071,E071 E072 E073,80.58 49.58 45.51,1015.81,175.67,0.0,4,single_piece_ok,S13,122.581,164.666,96.58,41.21,no
TRI063,TRI063,triangle,back,approved_obj_coherent_surface,P062 P063 P064,E186 E187 E104,23.29 53.98 49.58,577.03,126.85,0.0,4,single_piece_ok,S14,18.0,18.0,39.29,65.55,no
QUAD036-B,QUAD036,triangle,back,approved_obj_coherent_surface,P067 P070 P071,E111 E112 E072,53.98 23.29 49.58,577.03,126.85,0.0,4,single_piece_ok,S14,65.293,18.0,69.98,37.38,no
TRI064,TRI064,triangle,back,approved_obj_coherent_surface,P063 P064 P065,E187 E155 E188,53.98 31.00 56.75,820.62,141.73,0.0,4,single_piece_ok,S14,143.274,18.0,69.98,46.4,no
QUAD036-A,QUAD036,triangle,back,approved_obj_coherent_surface,P067 P068 P070,E109 E110 E111,31.00 56.75 53.98,820.62,141.73,0.0,4,single_piece_ok,S14,221.255,18.0,47.0,68.94,no
TRI035,TRI035,triangle,back,approved_obj_coherent_surface,P024 P064 P065,E154 E155 E156,76.25 31.00 65.34,1002.31,172.60,0.0,4,single_piece_ok,S14,18.0,94.939,92.25,42.29,no
TRI037,TRI037,triangle,back,approved_obj_coherent_surface,P024 P067 P068,E153 E109 E158,76.07 31.00 65.26,1001.56,172.32,0.0,4,single_piece_ok,S14,118.253,94.939,92.07,42.33,no
TRI036,TRI036,triangle,back,approved_obj_coherent_surface,P024 P065 P068,E156 E157 E158,65.34 40.00 65.26,1243.20,170.60,0.0,4,single_piece_ok,S14,18.0,145.273,81.34,54.05,no
QUAD025-B,QUAD025,triangle,ear_or_outer_top,approved_obj_coherent_surface,P037 P052 P066,E087 E088 E089,97.40 45.54 92.39,2085.00,235.33,0.0,4,single_piece_ok,S14,107.342,145.273,113.4,58.81,no
QUAD008-B,QUAD008,triangle,ear_or_outer_top,approved_obj_coherent_surface,P007 P026 P069,E055 E056 E057,97.40 45.54 92.39,2085.00,235.33,0.0,4,single_piece_ok,S15,18.0,18.0,113.4,58.81,no
QUAD025-A,QUAD025,triangle,ear_or_outer_top,approved_obj_coherent_surface,P037 P051 P052,E085 E086 E087,35.79 63.37 97.40,435.52,196.56,0.0,4,single_piece_ok,S15,139.397,18.0,110.31,40.34,no
QUAD008-A,QUAD008,triangle,ear_or_outer_top,approved_obj_coherent_surface,P007 P025 P026,E053 E054 E055,35.79 63.37 97.40,435.52,196.56,0.0,4,single_piece_ok,S15,18.0,84.814,110.31,40.34,no
TRI045,TRI045,triangle,ear_or_outer_top,approved_obj_coherent_surface,P037 P054 P066,E168 E108 E089,79.28 44.88 92.39,1777.90,216.54,0.0,4,single_piece_ok,S15,136.308,84.814,96.77,60.85,no
TRI012,TRI012,triangle,ear_or_outer_top,approved_obj_coherent_surface,P007 P028 P069,E128 E076 E057,79.28 44.88 92.39,1777.90,216.54,0.0,4,single_piece_ok,S16,18.0,18.0,96.77,60.85,no
TRI043,TRI043,triangle,ear_or_outer_top,approved_obj_coherent_surface,P037 P038 P053,E165 E166 E167,92.83 19.77 82.17,724.00,194.77,0.0,4,single_piece_ok,S16,122.768,18.0,108.83,31.6,no
TRI010,TRI010,triangle,ear_or_outer_top,approved_obj_coherent_surface,P007 P008 P027,E125 E126 E127,92.83 19.77 82.17,724.00,194.77,0.0,0,single_piece_ok,S16,18.0,86.853,108.83,31.6,no
TRI044,TRI044,triangle,ear_or_outer_top,approved_obj_coherent_surface,P037 P053 P054,E167 E009 E168,82.17 17.76 79.28,702.87,179.21,0.0,4,single_piece_ok,S16,134.828,86.853,98.17,33.11,no
TRI011,TRI011,triangle,ear_or_outer_top,approved_obj_coherent_surface,P007 P027 P028,E127 E013 E128,82.17 17.76 79.28,702.87,179.21,0.0,2,single_piece_ok,S16,18.0,127.96,98.17,33.11,no
