panel_id,panel_type,status,node_ids,rod_ids,edge_lengths_mm,area_mm2,perimeter_mm,min_edge_mm,max_edge_mm,planarity_error_mm,max_constraint_risk,center_x_mm,center_y_depth_mm,center_z_up_mm,normal_x,normal_y,normal_z,notes
MANQ008,quad,manual_candidate_review,P057 P031 P005 P035,virtual:P031-P057 virtual:P005-P031 PSR021 virtual:P035-P057,118.59 110.72 41.96 110.72,8338.44,381.98,41.96,118.59,0.0,4,0.0,9.25,-94.042,0.0,0.30725,-0.95163,reviewer requested bottom panel lower band; P005 forced to mirror P035
MANQ006,quad,manual_candidate_review,P070 P063 P060 P072,virtual:P063-P070 PSR149 PSR150 PSR161,80.00 54.70 40.00 54.70,3054.82,229.4,40.0,80.0,0.0,4,0.0,100.656,-44.261,0.0,-0.88143,0.47231,reviewer requested rear/bottom symmetry quad from coordinate feedback
QUAD018,quad,candidate_review,P021 P026 P067 P071,PSR062 PSR078 PSR158 PSR065,57.48 66.52 49.58 45.51,2902.43,219.09,45.51,66.52,2.282,4,69.2,76.828,-3.009,-0.86663,-0.42995,-0.25316,
QUAD032,quad,candidate_review,P050 P052 P064 P062,PSR130 PSR137 PSR152 PSR134,57.48 66.52 49.58 45.51,2902.43,219.09,45.51,66.52,2.282,4,-69.2,76.828,-3.009,-0.86663,0.42995,0.25316,
QUAD021,quad,candidate_review,P026 P067 P028 P069,PSR078 PSR081 PSR082 PSR079,66.52 64.12 44.88 45.54,2877.06,221.06,44.88,66.52,0.0,4,56.079,64.396,34.939,0.71678,0.24309,0.65356,
QUAD035,quad,candidate_review,P052 P064 P054 P066,PSR137 PSR140 PSR141 PSR138,66.52 64.12 44.88 45.54,2877.06,221.06,44.88,66.52,0.0,4,-56.079,64.396,34.939,0.71678,-0.24309,-0.65356,
QUAD017,quad,candidate_review,P020 P021 P032 P030,PSR059 PSR064 PSR086 PSR061,62.21 51.99 51.38 67.24,2675.1,232.82,51.38,67.24,5.8,2,67.933,23.827,-55.497,-0.85856,0.07763,0.5068,
QUAD031,quad,candidate_review,P049 P050 P058 P056,PSR127 PSR132 PSR145 PSR129,62.21 51.99 51.38 67.24,2675.1,232.82,51.38,67.24,5.8,4,-67.933,23.827,-55.497,-0.85856,-0.07763,-0.5068,
MANQ007,quad,manual_candidate_review,P072 P060 P057 P031,PSR150 PSR147 virtual:P031-P057 PSR089,40.00 50.71 118.59 50.71,2541.3,260.01,40.0,118.59,0.0,4,0.0,73.654,-72.392,0.0,-0.35528,0.93476,reviewer requested bottom panel upper band from coordinate feedback
QUAD008,quad,candidate_review,P007 P025 P026 P069,PSR023 PSR076 PSR079 PSR026,35.79 63.37 45.54 92.39,2520.52,237.1,35.79,92.39,6.705,4,84.769,51.969,58.249,0.56458,0.80345,-0.18898,
QUAD025,quad,candidate_review,P037 P051 P052 P066,PSR099 PSR135 PSR138 PSR102,35.79 63.37 45.54 92.39,2520.52,237.1,35.79,92.39,6.705,4,-84.769,51.969,58.249,0.56458,-0.80345,0.18898,
QUAD019,quad,candidate_review,P026 P027 P028 P067,PSR077 PSR080 PSR081 PSR078,60.61 17.76 64.12 66.52,2387.98,209.01,17.76,66.52,15.339,4,52.686,53.207,41.145,-0.72866,0.0297,-0.68423,
QUAD033,quad,candidate_review,P052 P053 P054 P064,PSR136 PSR139 PSR140 PSR137,60.61 17.76 64.12 66.52,2387.98,209.01,17.76,66.52,15.339,4,-52.686,53.207,41.145,-0.72866,-0.0297,0.68423,
QUAD010,quad,candidate_review,P009 P010 P039 P022,PSR028 PSR037 PSR068 PSR031,61.29 61.20 42.15 42.15,2358.49,206.79,42.15,61.29,16.252,4,-0.025,-7.767,32.464,0.0,-0.64854,0.76118,
QUAD020,quad,candidate_review,P026 P027 P028 P069,PSR077 PSR080 PSR082 PSR079,60.61 17.76 44.88 45.54,1550.83,168.79,17.76,60.61,8.425,4,53.922,47.03,42.087,-0.72866,0.0297,-0.68423,
QUAD034,quad,candidate_review,P052 P053 P054 P066,PSR136 PSR139 PSR141 PSR138,60.61 17.76 44.88 45.54,1550.83,168.79,17.76,60.61,8.425,4,-53.922,47.03,42.087,-0.72866,-0.0297,0.68423,
QUAD036,quad,candidate_review,P067 P068 P070 P071,PSR157 PSR159 PSR160 PSR158,31.00 56.75 23.29 49.58,1397.65,160.63,23.29,56.75,5.396,4,42.5,104.295,4.697,-0.2522,-0.94162,-0.22306,
QUAD013,quad,candidate_review,P012 P013 P030 P014,PSR041 PSR044 PSR047 PSR042,38.34 49.08 38.11 24.83,1297.69,150.36,24.83,49.08,3.75,2,41.954,-37.45,-73.728,0.90065,-0.21805,-0.37587,
QUAD027,quad,candidate_review,P041 P042 P056 P043,PSR109 PSR112 PSR115 PSR110,38.34 49.08 38.11 24.83,1297.69,150.36,24.83,49.08,3.75,4,-41.954,-37.45,-73.728,0.90065,0.21805,0.37587,
QUAD014,quad,candidate_review,P014 P017 P020 P030,PSR046 PSR058 PSR061 PSR047,29.34 27.21 67.24 38.11,1274.54,161.91,27.21,67.24,10.483,2,62.452,-14.2,-49.761,-0.84268,0.45522,0.28752,
QUAD028,quad,candidate_review,P043 P046 P049 P056,PSR114 PSR126 PSR129 PSR115,29.34 27.21 67.24 38.11,1274.54,161.91,27.21,67.24,10.483,4,-62.452,-14.2,-49.761,-0.84268,-0.45522,-0.28752,
MANQ001,quad,manual_candidate_review,P033 P001 P002 P034,PSR006 PSR001 virtual:P002-P034 PSR090,26.16 43.48 26.95 43.48,1154.63,140.07,26.16,43.48,0.0,1,0.0,-52.419,-31.795,0.0,0.76126,-0.64845,reviewer requested center symmetry quad; perimeter uses virtual P002-P034 edge because the rod graph splits that lower edge through P059
QUAD006,quad,candidate_review,P005 P013 P030 P029,PSR019 PSR044 PSR083 PSR020,21.62 49.08 24.78 56.46,1026.72,151.94,21.62,56.46,0.279,2,32.721,-24.163,-96.043,-0.83119,0.14636,0.53638,
QUAD023,quad,candidate_review,P035 P042 P056 P055,PSR096 PSR112 PSR142 PSR097,21.62 49.08 24.78 56.46,1026.72,151.94,21.62,56.46,0.279,4,-32.721,-24.163,-96.043,-0.83119,-0.14636,-0.53638,
QUAD005,quad,candidate_review,P003 P040 P041 P042,PSR012 PSR107 PSR109 PSR013,31.76 24.61 38.34 34.51,1002.58,129.22,24.61,38.34,0.128,3,-22.502,-58.44,-72.813,-0.35457,-0.93452,-0.03091,
QUAD003,quad,candidate_review,P003 P011 P012 P013,PSR010 PSR039 PSR041 PSR011,31.59 24.61 38.34 34.31,997.71,128.86,24.61,38.34,0.249,0,22.565,-58.44,-72.813,-0.35541,0.9343,0.02784,
MANQ003,quad,manual_candidate_review,P024 P010 P027 P028,PSR035 PSR036 PSR080 PSR070,30.10 42.51 17.76 39.22,933.32,129.59,17.76,42.51,3.054,2,19.652,39.013,64.052,0.2172,-0.06456,0.97399,symmetric counterpart of MANQ002 using existing right-side nodes
MANQ002,quad,manual_candidate_review,P024 P010 P053 P054,PSR035 PSR038 PSR139 PSR071,30.10 42.32 17.76 39.48,933.18,129.66,17.76,42.32,3.109,4,-19.632,39.013,64.052,0.21809,0.06104,-0.97402,reviewer requested missing left/top-side quad from coordinate feedback
QUAD011,quad,candidate_review,P010 P024 P028 P027,PSR035 PSR070 PSR080 PSR036,30.10 39.22 17.76 42.51,930.51,129.59,17.76,42.51,3.459,2,19.652,39.013,64.052,-0.13699,0.06485,-0.98845,
QUAD012,quad,candidate_review,P010 P024 P054 P053,PSR035 PSR071 PSR139 PSR038,30.10 39.48 17.76 42.32,930.22,129.66,17.76,42.32,3.497,4,-19.632,39.013,64.052,-0.13665,-0.06264,0.98864,
QUAD001,quad,candidate_review,P001 P002 P011 P015,PSR001 PSR007 PSR040 PSR003,43.48 11.81 39.45 14.74,535.2,109.49,11.81,43.48,1.044,0,17.326,-49.532,-36.096,0.80229,-0.44962,0.39266,
QUAD022,quad,candidate_review,P033 P034 P040 P044,PSR090 PSR094 PSR108 PSR092,43.48 11.81 39.45 14.74,535.2,109.49,11.81,43.48,1.044,3,-17.326,-49.532,-36.096,0.80229,0.44962,-0.39266,
QUAD004,quad,candidate_review,P003 P040 P034 P059,PSR012 PSR094 PSR095 PSR014,31.76 11.81 13.48 29.79,387.37,86.84,11.81,31.76,7.297,3,-8.467,-64.933,-57.47,0.54146,0.80653,0.23734,
QUAD002,quad,candidate_review,P002 P011 P003 P059,PSR007 PSR010 PSR014 PSR008,11.81 31.59 29.79 13.48,386.49,86.67,11.81,31.59,7.332,3,8.53,-64.933,-57.47,-0.54402,0.8058,0.23392,
TRI012,triangle,candidate_review,P007 P028 P069,PSR025 PSR082 PSR026,79.28 44.88 92.39,1777.9,216.54,44.88,92.39,0.0,4,64.274,56.345,68.595,0.42484,-0.77045,-0.47531,
TRI045,triangle,candidate_review,P037 P054 P066,PSR101 PSR141 PSR102,79.28 44.88 92.39,1777.9,216.54,44.88,92.39,0.0,4,-64.274,56.345,68.595,0.42484,0.77045,0.47531,
TRI040,triangle,candidate_review,P031 P071 P072,PSR088 PSR162 PSR089,72.42 63.22 50.71,1568.31,186.34,50.71,72.42,0.0,4,46.432,82.77,-54.705,-0.40749,-0.73863,0.53701,
TRI028,triangle,candidate_review,P020 P021 P026,PSR059 PSR062 PSR060,62.21 57.48 58.81,1527.72,178.5,57.48,62.21,0.0,2,83.01,37.78,-17.695,0.99891,-0.03606,0.02978,
TRI056,triangle,candidate_review,P049 P050 P052,PSR127 PSR130 PSR128,62.21 57.48 58.81,1527.72,178.5,57.48,62.21,0.0,4,-83.01,37.78,-17.695,0.99891,0.03606,-0.02978,
TRI027,triangle,candidate_review,P016 P026 P027,PSR055 PSR077 PSR056,51.35 60.61 66.70,1485.07,178.66,51.35,66.7,0.0,2,63.943,20.81,27.005,0.73594,-0.2883,0.6126,
TRI055,triangle,candidate_review,P045 P052 P053,PSR123 PSR136 PSR124,51.35 60.61 66.70,1485.07,178.66,51.35,66.7,0.0,4,-63.943,20.81,27.005,0.73594,0.2883,-0.6126,
TRI059,triangle,candidate_review,P050 P060 P062,PSR133 PSR148 PSR134,74.51 63.22 45.51,1432.76,183.23,45.51,74.51,0.0,4,-54.875,85.506,-40.902,0.48911,-0.64915,0.58256,
TRI034,triangle,candidate_review,P024 P054 P064,PSR071 PSR140 PSR072,39.48 64.12 76.25,1265.31,179.86,39.48,76.25,0.0,4,-29.019,66.404,53.595,0.27533,-0.46824,-0.83961,
TRI016,triangle,candidate_review,P009 P016 P027,PSR029 PSR056 PSR033,47.80 66.70 53.36,1263.73,167.85,47.8,66.7,0.0,0,45.553,1.8,32.453,0.4798,-0.56271,0.67316,
TRI047,triangle,candidate_review,P039 P045 P053,PSR104 PSR124 PSR106,47.80 66.70 53.36,1263.73,167.85,47.8,66.7,0.0,4,-45.553,1.8,32.453,0.4798,0.56271,-0.67316,
TRI033,triangle,candidate_review,P024 P028 P067,PSR070 PSR081 PSR074,39.22 64.12 76.07,1256.75,179.4,39.22,76.07,0.0,4,29.113,66.404,53.595,0.27721,0.46761,0.83934,
TRI036,triangle,candidate_review,P024 P065 P068,PSR073 PSR156 PSR075,65.34 40.00 65.26,1243.2,170.6,40.0,65.34,0.0,4,0.047,89.16,43.462,0.0,-0.61066,-0.79189,
TRI058,triangle,candidate_review,P050 P057 P060,PSR131 PSR147 PSR133,49.23 50.71 74.51,1240.48,174.45,49.23,74.51,0.0,4,-54.641,71.397,-60.486,0.46235,-0.77217,0.43587,
TRI014,triangle,candidate_review,P009 P010 P027,PSR028 PSR036 PSR033,61.29 42.51 53.36,1111.75,157.16,42.51,61.29,0.0,2,22.758,13.079,51.913,-0.20598,0.55388,-0.80671,
TRI019,triangle,candidate_review,P010 P039 P053,PSR037 PSR106 PSR038,61.20 53.36 42.32,1106.68,156.87,42.32,61.2,0.0,4,-22.825,13.079,51.913,0.20692,0.554,-0.80639,
TRI030,triangle,candidate_review,P021 P031 P071,PSR063 PSR088 PSR065,49.23 72.42 45.51,1104.54,167.16,45.51,72.42,0.0,4,67.974,75.52,-44.697,0.57513,0.66048,-0.4827,
TRI026,triangle,candidate_review,P016 P020 P026,PSR054 PSR060 PSR055,43.89 58.81 51.35,1092.65,154.06,43.89,58.81,0.0,2,77.563,12.975,-2.653,0.92715,-0.29307,0.23344,
TRI054,triangle,candidate_review,P045 P049 P052,PSR122 PSR128 PSR123,43.89 58.81 51.35,1092.65,154.06,43.89,58.81,0.0,4,-77.563,12.975,-2.653,0.92715,0.29307,-0.23344,
TRI035,triangle,candidate_review,P024 P064 P065,PSR072 PSR155 PSR073,76.25 31.00 65.34,1002.31,172.6,31.0,76.25,0.0,4,-23.286,86.614,42.903,0.18579,-0.55123,-0.8134,
TRI037,triangle,candidate_review,P024 P067 P068,PSR074 PSR157 PSR075,76.07 31.00 65.26,1001.56,172.32,31.0,76.07,0.0,4,23.381,86.614,42.903,0.18593,0.55188,0.81293,
TRI064,triangle,candidate_review,P063 P064 P065,PSR153 PSR155 PSR154,53.98 31.00 56.75,820.62,141.73,31.0,56.75,0.0,4,-36.667,105.392,12.707,-0.2522,0.94162,0.22306,
TRI010,triangle,candidate_review,P007 P008 P027,PSR022 PSR027 PSR024,92.83 19.77 82.17,724.0,194.77,19.77,92.83,0.0,0,62.833,31.807,70.3,0.22195,0.77938,-0.58593,
TRI043,triangle,candidate_review,P037 P038 P053,PSR098 PSR103 PSR100,92.83 19.77 82.17,724.0,194.77,19.77,92.83,0.0,4,-62.833,31.807,70.3,0.22195,-0.77938,0.58593,
TRI011,triangle,candidate_review,P007 P027 P028,PSR024 PSR080 PSR025,82.17 17.76 79.28,702.87,179.21,17.76,82.17,0.0,2,59.749,41.426,76.87,0.53031,0.37276,-0.76146,
TRI044,triangle,candidate_review,P037 P053 P054,PSR100 PSR139 PSR101,82.17 17.76 79.28,702.87,179.21,17.76,82.17,0.0,4,-59.749,41.426,76.87,0.53031,-0.37276,0.76146,
TRI015,triangle,candidate_review,P009 P016 P019,PSR029 PSR053 PSR030,47.80 43.37 32.06,677.46,123.23,32.06,47.8,0.0,0,41.532,-15.971,13.409,-0.33694,0.89336,-0.2973,
TRI046,triangle,candidate_review,P039 P045 P048,PSR104 PSR121 PSR105,47.80 43.37 32.06,677.46,123.23,32.06,47.8,0.0,4,-41.532,-15.971,13.409,-0.33694,-0.89336,0.2973,
TRI018,triangle,candidate_review,P010 P023 P039,PSR034 PSR069 PSR037,49.00 27.92 61.20,669.18,138.11,27.92,61.2,0.0,4,-9.035,0.735,43.475,-0.14729,0.69463,-0.70412,
TRI013,triangle,candidate_review,P009 P010 P023,PSR028 PSR034 PSR032,61.29 49.00 27.92,668.6,138.2,27.92,61.29,0.0,2,8.968,0.735,43.475,-0.14742,-0.69505,0.70368,
TRI022,triangle,candidate_review,P014 P015 P017,PSR045 PSR048 PSR046,42.94 49.58 29.34,626.84,121.86,29.34,49.58,0.0,0,48.884,-27.967,-36.678,-0.30969,0.9022,-0.30022,
TRI050,triangle,candidate_review,P043 P044 P046,PSR113 PSR116 PSR114,42.94 49.58 29.34,626.84,121.86,29.34,49.58,0.0,4,-48.884,-27.967,-36.678,-0.30969,-0.9022,0.30022,
TRI062,triangle,candidate_review,P060 P062 P063,PSR148 PSR151 PSR149,63.22 23.29 54.70,626.52,141.21,23.29,63.22,0.0,4,-40.0,100.771,-35.951,-0.46599,0.67655,-0.5702,
TRI065,triangle,candidate_review,P070 P071 P072,PSR160 PSR162 PSR161,23.29 63.22 54.70,626.52,141.21,23.29,63.22,0.0,4,40.0,100.771,-35.951,0.46599,0.67655,-0.5702,
TRI029,triangle,candidate_review,P021 P031 P032,PSR063 PSR087 PSR064,49.23 25.15 51.99,612.71,126.37,25.15,51.99,0.0,2,68.547,53.453,-61.776,-0.85719,0.07357,0.50972,
TRI057,triangle,candidate_review,P050 P057 P058,PSR131 PSR146 PSR132,49.23 25.15 51.99,612.71,126.37,25.15,51.99,0.0,4,-68.547,53.453,-61.776,-0.85719,-0.07357,-0.50972,
TRI063,triangle,candidate_review,P062 P063 P064,PSR151 PSR153 PSR152,23.29 53.98 49.58,577.03,126.85,23.29,53.98,0.0,4,-50.0,103.87,-4.007,0.48375,-0.86148,-0.15442,
TRI025,triangle,candidate_review,P016 P017 P020,PSR051 PSR058 PSR054,41.05 27.21 43.89,544.47,112.16,27.21,43.89,0.0,0,73.297,-7.199,-17.914,0.87095,-0.4647,0.1597,
TRI053,triangle,candidate_review,P045 P046 P049,PSR119 PSR126 PSR122,41.05 27.21 43.89,544.47,112.16,27.21,43.89,0.0,4,-73.297,-7.199,-17.914,0.87095,0.4647,-0.1597,
TRI021,triangle,candidate_review,P012 P014 P015,PSR042 PSR045 PSR043,24.83 42.94 44.96,521.63,112.73,24.83,44.96,0.0,0,39.962,-38.696,-46.922,0.54099,-0.59093,0.59844,
TRI049,triangle,candidate_review,P041 P043 P044,PSR110 PSR113 PSR111,24.83 42.94 44.96,521.63,112.73,24.83,44.96,0.0,3,-39.962,-38.696,-46.922,0.54099,0.59093,-0.59844,
TRI017,triangle,candidate_review,P009 P022 P023,PSR031 PSR066 PSR032,42.15 36.37 27.92,501.12,106.44,27.92,42.15,0.0,2,9.002,-16.801,21.417,0.1991,0.85555,-0.47791,
TRI031,triangle,candidate_review,P022 P023 P039,PSR066 PSR069 PSR068,36.37 27.92 42.15,501.12,106.44,27.92,42.15,0.0,4,-9.001,-16.801,21.417,0.1991,-0.85554,0.47792,
TRI038,triangle,candidate_review,P029 P030 P032,PSR083 PSR086 PSR085,24.78 51.38 40.32,489.47,116.48,24.78,51.38,0.0,2,48.206,11.391,-82.784,-0.79965,0.15944,0.57892,
TRI060,triangle,candidate_review,P055 P056 P058,PSR142 PSR145 PSR144,24.78 51.38 40.32,489.47,116.48,24.78,51.38,0.0,4,-48.206,11.391,-82.784,-0.79965,-0.15944,-0.57892,
TRI032,triangle,candidate_review,P022 P033 P039,PSR067 PSR091 PSR068,23.84 53.56 42.15,485.2,119.56,23.84,53.56,0.0,4,-13.361,-26.72,5.532,-0.20165,0.85399,-0.47963,
TRI002,triangle,candidate_review,P001 P009 P022,PSR002 PSR031 PSR005,53.56 42.15 23.84,485.15,119.56,23.84,53.56,0.0,2,13.361,-26.72,5.532,-0.20167,-0.85398,0.47963,
TRI020,triangle,candidate_review,P011 P012 P015,PSR039 PSR043 PSR040,24.61 44.96 39.45,484.24,109.03,24.61,44.96,0.0,0,28.454,-48.167,-47.49,0.44038,-0.68053,0.58561,
TRI048,triangle,candidate_review,P040 P041 P044,PSR107 PSR111 PSR108,24.61 44.96 39.45,484.24,109.03,24.61,44.96,0.0,3,-28.454,-48.167,-47.49,0.44038,0.68053,-0.58561,
TRI039,triangle,candidate_review,P029 P031 P032,PSR084 PSR087 PSR085,54.27 25.15 40.32,476.96,119.74,25.15,54.27,0.0,2,53.586,34.728,-80.98,0.78345,-0.11296,-0.61111,
TRI061,triangle,candidate_review,P055 P057 P058,PSR143 PSR146 PSR144,54.27 25.15 40.32,476.96,119.74,25.15,54.27,0.0,4,-53.586,34.728,-80.98,0.78345,0.11296,0.61111,
TRI008,triangle,candidate_review,P004 P005 P035,PSR015 PSR021 PSR017,30.14 41.96 28.86,434.98,100.96,28.86,41.96,0.0,4,-0.3,-44.554,-104.654,0.0,0.77353,0.63376,
TRI001,triangle,candidate_review,P001 P009 P019,PSR002 PSR030 PSR004,53.56 32.06 26.38,311.14,112.0,26.38,53.56,0.0,0,23.13,-26.235,5.51,-0.42539,0.85637,-0.2927,
TRI041,triangle,candidate_review,P033 P039 P048,PSR091 PSR105 PSR093,53.56 32.06 26.38,311.14,112.0,26.38,53.56,0.0,4,-23.13,-26.235,5.51,-0.42539,-0.85637,0.2927,
TRI005,triangle,candidate_review,P003 P004 P013,PSR009 PSR016 PSR011,20.87 28.12 34.31,293.28,83.31,20.87,34.31,0.0,2,8.743,-58.683,-89.493,-0.12451,-0.75732,-0.64107,
TRI007,triangle,candidate_review,P004 P005 P013,PSR015 PSR019 PSR016,30.14 21.62 28.12,291.16,79.89,21.62,30.14,0.0,2,15.693,-49.78,-100.116,-0.12455,-0.67745,-0.72494,
TRI006,triangle,candidate_review,P003 P004 P042,PSR009 PSR018 PSR013,20.87 26.34 34.51,274.46,81.72,20.87,34.51,0.0,2,-9.259,-58.683,-89.493,-0.13305,0.74821,0.64998,
TRI009,triangle,candidate_review,P004 P035 P042,PSR017 PSR096 PSR018,28.86 21.62 26.34,272.62,76.82,21.62,28.86,0.0,4,-16.294,-49.78,-100.116,-0.13302,0.67853,0.72243,
TRI004,triangle,candidate_review,P001 P022 P033,PSR005 PSR067 PSR006,23.84 23.84 26.16,260.7,73.84,23.84,26.16,0.0,2,0.0,-34.315,-9.944,0.0,-0.79776,0.60297,
TRI003,triangle,candidate_review,P001 P015 P019,PSR003 PSR050 PSR004,14.74 28.60 26.38,192.98,69.72,14.74,28.6,0.0,0,21.539,-32.215,-13.463,0.56521,-0.81678,0.11575,
TRI042,triangle,candidate_review,P033 P044 P048,PSR092 PSR118 PSR093,14.74 28.60 26.38,192.98,69.72,14.74,28.6,0.0,4,-21.539,-32.215,-13.463,0.56521,0.81678,-0.11575,
